{
  "base_url": "https://pablocirre.es",
  "total_pages": 1,
  "total_errors": 0,
  "total_warnings": 3,
  "global_issues": [],
  "pages": [
    {
      "url": "https://pablocirre.es",
      "status": 200,
      "metrics": {
        "status": 200,
        "html_lang": "es",
        "has_head": true,
        "has_doctype": true,
        "has_meta_charset": true,
        "has_meta_viewport": true,
        "url_path": "/",
        "url_slug": "",
        "url_path_depth": 0,
        "word_count": 268,
        "first_paragraph_length": 115,
        "title": "Pablo Cirre - Big Data, Email Intelligence, Formación & Experiencias en Vídeo",
        "title_length": 77,
        "meta_description": "Pablo Cirre - Experto en Big Data, Email Intelligence, Formación y Experiencias en Vídeo. Granada, España.",
        "meta_description_length": 106,
        "meta_keywords_present": true,
        "meta_keywords_count": 8,
        "meta_keywords_length": 134,
        "focus_keywords_from_title": [
          "pablo",
          "cirre",
          "data"
        ],
        "slug_has_focus_keyword": false,
        "first_paragraph_has_focus_keyword": false,
        "h1_count": 1,
        "h2_count": 3,
        "h1_texts": [
          "Big Data, Email Intelligence, Formación & Experiencias en Vídeo."
        ],
        "h2_texts": [
          "Proyectos Destacados",
          "Una carrera definida por la curiosidad y el código.",
          "¿Listo para colaborar?"
        ],
        "canonical_url": "https://pablocirre.es/",
        "meta_robots": null,
        "x_robots_tag": null,
        "robots_directives": [],
        "hreflang_count": 0,
        "hreflang_codes": [],
        "hreflang_relative_urls": 0,
        "hreflang_has_x_default": false,
        "hreflang_has_self_reference": false,
        "og_tags_count": 5,
        "twitter_tags_count": 5,
        "og_type": "website",
        "fb_app_id": null,
        "internal_links": 25,
        "external_links": 4,
        "nofollow_links": 0,
        "empty_anchor_text_count": 4,
        "generic_anchor_text_count": 0,
        "broken_internal_links": 0,
        "images_total": 0,
        "images_missing_alt": 0,
        "images_empty_alt": 0,
        "images_alt_with_focus_keyword": 0,
        "structured_data_blocks": 1,
        "structured_data_types": {
          "WebSite": 1
        },
        "structured_data_errors": 0,
        "rating_values": [],
        "rating_counts": [],
        "rating_value_avg": null,
        "rating_count_sum": 0,
        "social_profiles_sameAs": [],
        "has_website_schema": true,
        "has_organization_schema": false,
        "has_breadcrumbs": false,
        "form_inputs_without_label": 1,
        "inbound_internal_links": 2
      },
      "issues": [
        {
          "code": "CONTENT_THIN",
          "severity": "warning",
          "category": "content",
          "value": 268,
          "limit": 300,
          "extra": {
            "message": "Very low word count; aim for 300+ words for most pages."
          }
        },
        {
          "code": "TITLE_TOO_LONG",
          "severity": "warning",
          "category": "meta",
          "value": 77,
          "limit": 60,
          "extra": {
            "message": "Title is long; >60 chars may be truncated or rewritten in SERPs."
          }
        },
        {
          "code": "META_KEYWORDS_IGNORED",
          "severity": "info",
          "category": "meta",
          "value": 8,
          "limit": null,
          "extra": {
            "message": "Meta keywords are largely ignored by modern search engines; avoid over-optimizing here."
          }
        },
        {
          "code": "FIRST_PARAGRAPH_MISSING_FOCUS_KEYWORDS",
          "severity": "info",
          "category": "content",
          "value": [
            "pablo",
            "cirre",
            "data"
          ],
          "limit": null,
          "extra": {
            "message": "First paragraph does not contain any focus keyword from title."
          }
        },
        {
          "code": "H1_MISSING_FOCUS_KEYWORDS",
          "severity": "info",
          "category": "headings",
          "value": [
            "pablo",
            "cirre"
          ],
          "limit": null,
          "extra": {
            "message": "Some focus keywords from title do not appear in any H1."
          }
        },
        {
          "code": "H2_MISSING_FOCUS_KEYWORDS",
          "severity": "info",
          "category": "headings",
          "value": [
            "pablo",
            "cirre",
            "data"
          ],
          "limit": null,
          "extra": {
            "message": "Some focus keywords from title do not appear in any H2."
          }
        },
        {
          "code": "EMPTY_ANCHOR_TEXT",
          "severity": "warning",
          "category": "links",
          "value": 4,
          "limit": null,
          "extra": {
            "message": "Some links have empty anchor text; hurts accessibility and SEO context."
          }
        },
        {
          "code": "FORM_INPUTS_WITHOUT_LABEL",
          "severity": "info",
          "category": "accessibility",
          "value": 1,
          "limit": null,
          "extra": {
            "message": "Form fields without label or aria-label; hurts accessibility."
          }
        }
      ]
    }
  ]
}